{"cameraMode":{"drawMode":0,"name":"Shaded","section":"Shading Mode"},"sceneLighting":true,"audioPlay":false,"sceneViewState":{"m_AlwaysRefresh":false,"showFog":true,"showSkybox":true,"showFlares":true,"showImageEffects":true,"showParticleSystems":true,"showVisualEffectGraphs":true,"m_FxEnabled":true},"in2DMode":false,"pivot":{"x":0.02238386496901512,"y":0.5634661316871643,"z":-1.9987796545028687},"rotation":{"x":-0.12748730182647706,"y":0.06392791867256165,"z":0.008230588398873806,"w":0.9897481799125671},"size":2.4749155044555666,"orthographic":true}