{"cameraMode":{"drawMode":0,"name":"Shaded","section":"Shading Mode"},"sceneLighting":true,"audioPlay":false,"sceneViewState":{"m_AlwaysRefresh":false,"showFog":true,"showSkybox":true,"showFlares":true,"showImageEffects":true,"showParticleSystems":true,"showVisualEffectGraphs":true,"m_FxEnabled":true},"in2DMode":false,"pivot":{"x":-1.2632033824920655,"y":0.11396335065364838,"z":-2.132838249206543},"rotation":{"x":-0.011589081957936287,"y":0.7116638422012329,"z":0.011743907816708088,"w":0.702329158782959},"size":2.4749155044555666,"orthographic":true}